<?xml version="1.0" encoding="UTF-8"?>
<manifest xmlns:imsmd="http://www.imsglobal.org/xsd/imsmd_rootv1p2p1" xsi:schemaLocation="http://www.imsproject.org/xsd/imscp_rootv1p1p2 imscp_rootv1p1p2.xsd http://www.imsglobal.org/xsd/imsmd_rootv1p2p1 imsmd_rootv1p2p1.xsd http://www.adlnet.org/xsd/adlcp_rootv1p2 adlcp_rootv1p2.xsd" xmlns:adlcp="http://www.adlnet.org/xsd/adlcp_rootv1p2" xmlns:xsi="http://www.w3.org/2001/XMLSchema-instance" identifier="MANIFEST-A2F3004F6186AC9480285D4AEDCD6BAF" xmlns="http://www.imsproject.org/xsd/imscp_rootv1p1p2">
  <organizations default="SVRFTUxlY2Npb24gMQ==">
    <organization structure="hierarchical" identifier="SVRFTUxlY2Npb24tMQ==">
      <title>Leccion-1</title>
      <item identifierref="UkVTTGVjY2lvbi0x" identifier="SVRFTUxlY2Npb24tMQ==" isvisible="true">
        <title>Video</title>
      </item>
      <item identifierref="UkVTbGlzdGFkZWFsdW1ub3MucGRm" identifier="SVRFTWxpc3RhZGVhbHVtbm9zLnBkZg==" isvisible="true">
        <title>Documentos</title>
      </item>
      <item identifierref="UkVTYXB1bnRlcy5wZGY=" identifier="SVRFTWFwdW50ZXMucGRm" isvisible="true">
        <title>Documentos</title>
      </item>
    </organization>
    <organization structure="hierarchical" identifier="SVRFTUxlY2Npb24tMg==">
      <title>Leccion-2</title>
      <item identifierref="UkVTTGVjY2lvbi0y" identifier="SVRFTUxlY2Npb24tMg==" isvisible="true">
        <title>Video</title>
      </item>
      <item identifierref="UkVTcGVycm9jYWhvcnJvLmpwZw==" identifier="SVRFTXBlcnJvY2Fob3Jyby5qcGc=" isvisible="true">
        <title>Documentos</title>
      </item>
    </organization>
    <organization structure="hierarchical" identifier="SVRFTUludHJvZHVjY2lvbi1hLWxhLWFzaWduYXR1cmE=">
      <title>Introduccion-a-la-asignatura</title>
      <item identifierref="UkVTSW50cm9kdWNjaW9uLWEtbGEtYXNpZ25hdHVyYQ==" identifier="SVRFTUludHJvZHVjY2lvbi1hLWxhLWFzaWduYXR1cmE=" isvisible="true">
        <title>Video</title>
      </item>
      <item identifierref="UkVTYXB1bnRlcy5wZGY=" identifier="SVRFTWFwdW50ZXMucGRm" isvisible="true">
        <title>Documentos</title>
      </item>
    </organization>
  </organizations>
  <resources>
    <resource href="Leccion-1.html" type="text/html" adlcp:scormtype="sco" identifier="UkVTTGVjY2lvbi0x">
      <file href="Leccion-1.html"/>
    </resource>
    <resource href="listadealumnos.pdf" type="webcontent" identifier="UkVTbGlzdGFkZWFsdW1ub3MucGRm">
      <file href="listadealumnos.pdf"/>
    </resource>
    <resource href="apuntes.pdf" type="webcontent" identifier="UkVTYXB1bnRlcy5wZGY=">
      <file href="apuntes.pdf"/>
    </resource>
    <resource href="Leccion-2.html" type="text/html" adlcp:scormtype="sco" identifier="UkVTTGVjY2lvbi0y">
      <file href="Leccion-2.html"/>
    </resource>
    <resource href="perrocahorro.jpg" type="webcontent" identifier="UkVTcGVycm9jYWhvcnJvLmpwZw==">
      <file href="perrocahorro.jpg"/>
    </resource>
    <resource href="Introduccion-a-la-asignatura.html" type="text/html" adlcp:scormtype="sco" identifier="UkVTSW50cm9kdWNjaW9uLWEtbGEtYXNpZ25hdHVyYQ==">
      <file href="Introduccion-a-la-asignatura.html"/>
    </resource>
    <resource href="apuntes.pdf" type="webcontent" identifier="UkVTYXB1bnRlcy5wZGY=">
      <file href="apuntes.pdf"/>
    </resource>
  </resources>
  <resource href="scorm.css" type="text/css" adlcp:scormtype="sco" identifier="UkVTLXNjb3JtLmNzcw==">
    <file href="scorm.css"/>
  </resource>
</manifest>
